n,standard_ms,strassen_ms
2,0.001086,0.015684
4,0.002746,0.15694
8,0.009964,0.995433
16,0.053337,6.81169
32,0.54059,55.5835
